"날짜","현재가","오픈","고가","저가","거래량","변동 %"
"2019년 10월","2,086.23","2,062.44","2,090.01","2,010.90","-","1.12%"
"2019년 9월","2,063.05","1,961.19","2,101.63","1,958.59","8.62B","4.84%"
"2019년 8월","1,967.79","2,015.09","2,032.23","1,891.81","10.47B","-2.80%"
"2019년 7월","2,024.55","2,147.24","2,147.24","2,010.95","11.91B","-4.98%"
"2019년 6월","2,130.62","2,031.03","2,141.27","2,029.17","11.26B","4.35%"
"2019년 5월","2,041.74","2,192.94","2,217.03","2,016.25","11.24B","-7.34%"
"2019년 4월","2,203.59","2,153.31","2,252.05","2,153.31","9.69B","2.94%"
"2019년 3월","2,140.67","2,210.97","2,216.02","2,120.93","6.46B","-2.49%"
"2019년 2월","2,195.44","2,211.93","2,241.76","2,167.36","6.88B","-0.43%"
"2019년 1월","2,204.85","2,050.55","2,222.88","1,984.53","9.46B","8.03%"
"2018년 12월","2,041.04","2,127.78","2,136.64","2,014.28","7.63B","-2.66%"
"2018년 11월","2,096.86","2,035.11","2,136.74","2,023.43","6.98B","3.31%"
"2018년 10월","2,029.69","2,349.64","2,352.11","1,985.95","7.02B","-13.37%"
"2018년 9월","2,343.07","2,317.93","2,356.62","2,264.90","5.43B","0.87%"
"2018년 8월","2,322.88","2,301.17","2,322.88","2,218.09","6.20B","1.20%"
"2018년 7월","2,295.26","2,322.23","2,327.59","2,243.90","7.51B","-1.33%"
"2018년 6월","2,326.13","2,419.63","2,479.56","2,296.39","9.45B","-4.00%"
"2018년 5월","2,423.01","2,515.75","2,516.57","2,399.58","12.82B","-3.67%"
"2018년 4월","2,515.38","2,454.72","2,515.38","2,405.91","10.44B","2.84%"
"2018년 3월","2,445.85","2,406.57","2,508.71","2,374.80","8.08B","0.76%"
"2018년 2월","2,427.36","2,578.91","2,583.74","2,346.73","7.28B","-5.42%"
"2018년 1월","2,566.46","2,474.86","2,607.10","2,465.94","8.25B","4.01%"
"2017년 12월","2,467.49","2,488.92","2,514.61","2,411.48","5.75B","-0.36%"
"2017년 11월","2,476.37","2,535.97","2,561.63","2,474.28","7.47B","-1.86%"
"2017년 10월","2,523.43","2,425.63","2,528.32","2,421.10","5.05B","5.39%"
"2017년 9월","2,394.47","2,367.45","2,429.12","2,314.31","5.84B","1.32%"
"2017년 8월","2,363.19","2,397.12","2,434.47","2,310.20","5.72B","-1.64%"
"2017년 7월","2,402.71","2,397.66","2,453.17","2,372.83","6.23B","0.46%"
"2017년 6월","2,391.79","2,348.31","2,402.80","2,335.63","7.48B","1.89%"
"2017년 5월","2,347.38","2,213.61","2,371.67","2,212.87","7.03B","6.44%"
"2017년 4월","2,205.44","2,166.04","2,217.04","2,117.82","7.73B","2.09%"
"2017년 3월","2,160.23","2,105.19","2,182.42","2,067.68","8.87B","3.28%"
"2017년 2월","2,091.64","2,075.31","2,108.99","2,052.29","7.13B","1.16%"
"2017년 1월","2,067.57","2,022.23","2,091.02","2,015.68","8.42B","2.03%"
"2016년 12월","2,026.46","1,987.48","2,053.46","1,960.65","6.04B","2.17%"
"2016년 11월","1,983.48","2,003.41","2,015.23","1,931.07","6.61B","-1.23%"
"2016년 10월","2,008.19","2,056.94","2,070.43","2,002.29","6.64B","-1.73%"
"2016년 9월","2,043.63","2,022.96","2,073.89","1,991.47","8.85B","0.44%"
"2016년 8월","2,034.65","2,024.71","2,063.09","1,993.00","7.81B","0.92%"
"2016년 7월","2,016.19","1,977.36","2,030.69","1,944.33","8.07B","2.33%"
"2016년 6월","1,970.35","1,976.87","2,035.27","1,892.75","9.82B","-0.66%"
"2016년 5월","1,983.40","1,991.84","1,991.84","1,937.67","9.65B","-0.54%"
"2016년 4월","1,994.15","1,994.77","2,023.77","1,954.11","7.97B","-0.09%"
"2016년 3월","1,995.85","1,944.27","2,009.10","1,935.55","7.75B","4.13%"
"2016년 2월","1,916.66","1,919.62","1,929.53","1,817.97","6.19B","0.24%"
"2016년 1월","1,912.06","1,954.47","1,954.52","1,830.06","7.30B","-2.51%"
"2015년 12월","1,961.31","2,001.51","2,026.33","1,919.22","9.51B","-1.54%"
"2015년 11월","1,991.97","2,033.15","2,056.12","1,942.85","9.00B","-1.85%"
"2015년 10월","2,029.47","1,963.55","2,064.72","1,958.63","13.19B","3.40%"
"2015년 9월","1,962.81","1,934.44","1,996.47","1,868.48","10.05B","1.10%"
"2015년 8월","1,941.49","2,026.25","2,038.41","1,800.75","8.37B","-4.37%"
"2015년 7월","2,030.16","2,077.27","2,110.81","1,983.78","13.37B","-2.12%"
"2015년 6월","2,074.20","2,110.12","2,110.88","2,008.46","9.17B","-1.92%"
"2015년 5월","2,114.80","2,134.51","2,148.70","2,067.99","7.39B","-0.58%"
"2015년 4월","2,127.17","2,035.40","2,189.54","2,024.64","11.58B","4.22%"
"2015년 3월","2,041.03","1,996.72","2,047.13","1,969.13","8.51B","2.78%"
"2015년 2월","1,985.80","1,947.91","1,993.43","1,932.75","5.91B","1.87%"
"2015년 1월","1,949.26","1,914.24","1,964.13","1,876.27","6.85B","1.76%"
"2014년 12월","1,915.59","1,971.95","1,990.04","1,881.73","6.71B","-3.29%"
"2014년 11월","1,980.78","1,959.66","1,994.82","1,923.05","6.30B","0.83%"
"2014년 10월","1,964.43","2,013.47","2,013.47","1,896.54","7.39B","-2.76%"
"2014년 9월","2,020.09","2,067.80","2,072.59","2,007.30","6.54B","-2.34%"
"2014년 8월","2,068.54","2,063.71","2,088.86","2,026.56","6.08B","-0.37%"
"2014년 7월","2,076.12","1,993.29","2,093.08","1,985.53","6.98B","3.69%"
"2014년 6월","2,002.21","1,998.81","2,016.78","1,965.12","4.60B","0.36%"
"2014년 5월","1,994.96","1,966.29","2,022.59","1,934.72","4.29B","1.69%"
"2014년 4월","1,961.79","1,983.78","2,013.09","1,955.15","4.69B","-1.20%"
"2014년 3월","1,985.61","1,967.90","1,989.80","1,913.64","4.97B","0.28%"
"2014년 2월","1,979.99","1,930.09","1,981.15","1,885.53","4.48B","2.00%"
"2014년 1월","1,941.15","2,013.11","2,013.89","1,899.76","5.09B","-3.49%"
"2013년 12월","2,011.34","2,050.45","2,052.88","1,947.44","4.60B","-1.64%"
"2013년 11월","2,044.87","2,037.25","2,050.70","1,963.42","6.10B","0.73%"
"2013년 10월","2,030.09","1,997.62","2,063.28","1,981.21","5.70B","1.66%"
"2013년 9월","1,996.96","1,925.32","2,018.02","1,921.01","5.09B","3.66%"
"2013년 8월","1,926.36","1,916.56","1,939.28","1,838.52","7.04B","0.64%"
"2013년 7월","1,914.03","1,851.57","1,920.60","1,809.72","7.60B","2.72%"
"2013년 6월","1,863.32","1,993.11","2,000.56","1,770.53","5.61B","-6.88%"
"2013년 5월","2,001.05","1,961.67","2,013.29","1,935.57","6.59B","1.89%"
"2013년 4월","1,963.95","2,009.94","2,010.15","1,888.30","7.69B","-2.04%"
"2013년 3월","2,004.89","2,028.55","2,033.89","1,946.05","6.86B","-1.07%"
"2013년 2월","2,026.49","1,964.75","2,030.85","1,928.75","7.31B","3.29%"
"2013년 1월","1,961.94","2,013.74","2,042.48","1,930.37","10.90B","-1.76%"
"2012년 12월","1,997.05","1,937.28","2,006.08","1,928.09","7.15B","3.32%"
"2012년 11월","1,932.90","1,903.57","1,941.84","1,856.81","9.85B","1.09%"
"2012년 10월","1,912.06","1,998.52","2,007.84","1,884.77","10.14B","-4.22%"
"2012년 9월","1,996.21","1,909.06","2,012.74","1,873.49","15.07B","4.78%"
"2012년 8월","1,905.12","1,870.58","1,964.07","1,843.87","9.80B","1.23%"
"2012년 7월","1,881.99","1,864.73","1,896.83","1,758.99","8.28B","1.51%"
"2012년 6월","1,854.01","1,832.08","1,908.19","1,776.85","7.46B","0.57%"
"2012년 5월","1,843.47","1,994.17","2,001.11","1,779.47","10.02B","-6.99%"
"2012년 4월","1,981.99","2,022.42","2,051.80","1,954.01","10.65B","-1.59%"
"2012년 3월","2,014.04","2,041.52","2,057.28","1,966.69","10.43B","-0.80%"
"2012년 2월","2,030.25","1,948.57","2,047.43","1,947.46","13.20B","3.81%"
"2012년 1월","1,955.79","1,831.69","1,973.35","1,810.48","8.60B","7.12%"
"2011년 12월","1,825.74","1,911.50","1,929.18","1,750.60","9.12B","-1.18%"
"2011년 11월","1,847.51","1,891.22","1,932.95","1,766.73","7.83B","-3.22%"
"2011년 10월","1,909.03","1,683.94","1,963.74","1,658.06","7.31B","7.88%"
"2011년 9월","1,769.65","1,887.21","1,928.40","1,644.11","7.69B","-5.88%"
"2011년 8월","1,880.11","2,160.09","2,173.28","1,684.68","9.61B","-11.86%"
"2011년 7월","2,133.21","2,120.03","2,192.83","2,105.24","6.60B","1.55%"
"2011년 6월","2,100.69","2,142.67","2,152.95","2,008.84","5.47B","-1.95%"
"2011년 5월","2,142.47","2,203.09","2,229.09","2,030.68","6.22B","-2.28%"
"2011년 4월","2,192.36","2,107.67","2,231.47","2,081.98","7.72B","4.07%"
"2011년 3월","2,106.70","1,922.38","2,106.74","1,882.09","6.62B","8.63%"
"2011년 2월","1,939.30","2,079.92","2,107.83","1,935.93","5.35B","-6.30%"
"2011년 1월","2,069.73","2,063.69","2,121.06","2,054.83","8.20B","0.91%"
"2010년 12월","2,051.00","1,907.70","2,052.97","1,904.71","8.78B","7.68%"
"2010년 11월","1,904.63","1,889.57","1,976.46","1,875.34","7.77B","1.15%"
"2010년 10월","1,882.95","1,872.39","1,924.61","1,837.08","7.79B","0.54%"
"2010년 9월","1,872.81","1,751.96","1,873.79","1,748.30","6.32B","7.46%"
"2010년 8월","1,742.75","1,771.38","1,797.42","1,716.86","7.29B","-0.94%"
"2010년 7월","1,759.33","1,687.00","1,778.72","1,650.30","8.05B","3.59%"
"2010년 6월","1,698.29","1,634.55","1,741.48","1,618.57","7.10B","3.48%"
"2010년 5월","1,641.25","1,735.68","1,740.15","1,532.68","7.58B","-5.76%"
"2010년 4월","1,741.56","1,695.30","1,757.76","1,695.30","9.31B","2.88%"
"2010년 3월","1,692.85","1,612.43","1,705.57","1,608.97","9.20B","6.16%"
"2010년 2월","1,594.58","1,603.87","1,631.71","1,548.78","7.22B","-0.49%"
"2010년 1월","1,602.43","1,681.71","1,723.22","1,595.39","9.20B","-4.77%"
"2009년 12월","1,682.77","1,550.35","1,695.33","1,541.09","7.37B","8.17%"
"2009년 11월","1,555.60","1,543.24","1,630.41","1,519.40","5.91B","-1.59%"
"2009년 10월","1,580.69","1,680.46","1,685.01","1,564.41","7.70B","-5.53%"
"2009년 9월","1,673.14","1,592.29","1,723.17","1,583.11","10.57B","5.11%"
"2009년 8월","1,591.85","1,561.94","1,616.29","1,530.65","10.75B","2.22%"
"2009년 7월","1,557.29","1,386.33","1,559.07","1,377.60","10.66B","12.03%"
"2009년 6월","1,390.07","1,394.92","1,437.76","1,350.31","11.06B","-0.42%"
"2009년 5월","1,395.89","1,386.02","1,436.92","1,315.21","13.63B","1.94%"
"2009년 4월","1,369.36","1,214.06","1,377.82","1,201.71","16.15B","13.52%"
"2009년 3월","1,206.26","1,044.28","1,256.70","992.69","11.49B","13.47%"
"2009년 2월","1,063.03","1,145.87","1,227.73","1,036.67","10.35B","-8.53%"
"2009년 1월","1,162.11","1,132.87","1,228.56","1,085.72","7.23B","3.35%"
"2008년 12월","1,124.47","1,074.00","1,201.14","997.00","10.43B","4.50%"
"2008년 11월","1,076.07","1,117.13","1,217.82","914.02","11.20B","-3.32%"
"2008년 10월","1,113.06","1,453.40","1,458.68","892.16","10.08B","-23.13%"
"2008년 9월","1,448.06","1,453.14","1,503.83","1,366.88","8.27B","-1.78%"
"2008년 8월","1,474.24","1,578.55","1,597.31","1,466.46","4.79B","-7.55%"
"2008년 7월","1,594.67","1,675.70","1,681.45","1,488.75","6.81B","-4.79%"
"2008년 6월","1,674.92","1,848.30","1,853.50","1,669.69","6.32B","-9.56%"
"2008년 5월","1,852.02","1,851.64","1,901.13","1,791.40","5.93B","1.45%"
"2008년 4월","1,825.47","1,701.64","1,831.84","1,694.53","6.14B","7.13%"
"2008년 3월","1,703.99","1,676.30","1,709.31","1,537.53","6.08B","-0.45%"
"2008년 2월","1,711.62","1,645.05","1,739.60","1,619.65","5.77B","5.35%"
"2008년 1월","1,624.68","1,891.45","1,892.50","1,570.87","6.33B","-14.36%"
"2007년 12월","1,897.13","1,907.95","1,972.37","1,808.86","5.45B","-0.47%"
"2007년 11월","1,906.00","2,085.33","2,085.45","1,745.26","7.39B","-7.69%"
"2007년 10월","2,064.85","1,948.78","2,070.86","1,875.23","9.68B","6.08%"
"2007년 9월","1,946.48","1,876.92","1,952.39","1,805.88","6.98B","3.91%"
"2007년 8월","1,873.24","1,920.07","1,928.64","1,626.87","8.62B","-3.11%"
"2007년 7월","1,933.27","1,741.41","2,015.48","1,736.63","10.32B","10.88%"
"2007년 6월","1,743.60","1,712.97","1,813.84","1,707.75","10.04B","2.51%"
"2007년 5월","1,700.91","1,550.39","1,702.01","1,546.60","8.74B","10.29%"
"2007년 4월","1,542.24","1,456.19","1,565.03","1,452.56","7.85B","6.17%"
"2007년 3월","1,452.55","1,407.19","1,459.69","1,375.84","5.81B","2.48%"
"2007년 2월","1,417.34","1,367.07","1,471.04","1,362.04","4.38B","4.20%"
"2007년 1월","1,360.23","1,438.89","1,439.71","1,345.08","4.24B","-5.17%"
"2006년 12월","1,434.46","1,433.40","1,445.51","1,373.03","4.26B","0.16%"
"2006년 11월","1,432.21","1,372.03","1,434.85","1,363.71","5.15B","4.96%"
"2006년 10월","1,364.55","1,370.27","1,380.91","1,303.62","4.81B","-0.50%"
"2006년 9월","1,371.41","1,354.77","1,378.99","1,323.90","5.24B","1.38%"
"2006년 8월","1,352.74","1,296.71","1,361.48","1,277.31","4.51B","4.23%"
"2006년 7월","1,297.82","1,294.57","1,316.12","1,231.05","3.76B","0.21%"
"2006년 6월","1,295.15","1,308.44","1,319.05","1,192.09","4.46B","-1.71%"
"2006년 5월","1,317.70","1,419.64","1,464.70","1,295.47","5.30B","-7.19%"
"2006년 4월","1,419.73","1,362.35","1,458.67","1,361.14","6.89B","4.42%"
"2006년 3월","1,359.60","1,377.46","1,379.30","1,296.78","7.13B","-0.87%"
"2006년 2월","1,371.59","1,390.43","1,398.19","1,299.73","7.21B","-2.02%"
"2006년 1월","1,399.83","1,383.32","1,426.21","1,285.63","10.21B","1.48%"
"2005년 12월","1,379.37","1,295.56","1,383.14","1,288.98","10.33B","6.31%"
"2005년 11월","1,297.44","1,165.77","1,300.88","1,165.31","10.32B","12.03%"
"2005년 10월","1,158.11","1,228.03","1,246.41","1,137.23","9.70B","-5.15%"
"2005년 9월","1,221.01","1,093.47","1,238.72","1,092.14","9.19B","12.71%"
"2005년 8월","1,083.33","1,113.90","1,137.46","1,055.54","9.67B","-2.52%"
"2005년 7월","1,111.29","1,003.56","1,113.43","1,002.38","13.62B","10.23%"
"2005년 6월","1,008.16","964.08","1,010.91","963.78","8.52B","3.91%"
"2005년 5월","970.21","916.48","972.17","910.72","6.67B","6.46%"
"2005년 4월","911.30","963.78","996.90","902.88","8.54B","-5.63%"
"2005년 3월","965.68","1,015.16","1,025.08","946.41","13.03B","-4.52%"
"2005년 2월","1,011.36","930.16","1,011.65","918.44","8.56B","8.43%"
"2005년 1월","932.70","896.00","934.10","866.17","8.29B","4.11%"
"2004년 12월","895.92","874.47","896.10","838.10","6.71B","2.03%"
"2004년 11월","878.06","832.52","891.71","831.32","6.41B","5.18%"
"2004년 10월","834.84","835.50","896.24","801.01","6.81B","-0.03%"
"2004년 9월","835.09","803.51","863.19","801.58","7.21B","3.92%"
"2004년 8월","803.57","730.61","815.05","713.99","6.94B","9.28%"
"2004년 7월","735.34","784.85","792.77","717.77","7.89B","-6.42%"
"2004년 6월","785.79","807.55","820.87","729.06","8.42B","-2.25%"
"2004년 5월","803.84","863.03","876.30","716.95","6.75B","-6.84%"
"2004년 4월","862.84","878.78","939.52","854.39","8.78B","-2.01%"
"2004년 3월","880.50","892.57","910.67","822.05","9.65B","-0.33%"
"2004년 2월","883.42","850.28","890.51","834.70","9.66B","4.12%"
"2004년 1월","848.50","816.26","873.61","813.63","7.63B","4.66%"
"2003년 12월","810.71","796.36","824.26","774.04","9.18B","1.82%"
"2003년 11월","796.18","783.08","818.34","752.14","11.21B","1.77%"
"2003년 10월","782.36","690.47","793.35","688.62","10.16B","12.16%"
"2003년 9월","697.52","763.22","775.88","688.07","8.05B","-8.16%"
"2003년 8월","759.47","718.84","765.27","693.70","9.22B","6.44%"
"2003년 7월","713.52","666.45","724.53","663.35","12.01B","6.51%"
"2003년 6월","669.93","643.93","690.70","632.47","9.80B","5.76%"
"2003년 5월","633.42","600.47","637.19","582.87","9.59B","5.68%"
"2003년 4월","599.35","529.07","627.50","525.51","15.51B","11.88%"
"2003년 3월","535.70","578.50","590.55","512.30","14.94B","-6.90%"
"2003년 2월","575.43","591.88","619.45","561.69","11.62B","-2.78%"
"2003년 1월","591.86","633.03","679.30","581.13","12.59B","-5.69%"
"2002년 12월","627.55","724.99","737.70","613.76","15.69B","-13.42%"
"2002년 11월","724.80","652.34","725.60","643.39","20.69B","10.00%"
"2002년 10월","658.92","637.81","682.81","576.49","22.58B","1.93%"
"2002년 9월","646.42","739.84","755.44","639.74","13.63B","-12.22%"
"2002년 8월","736.40","720.99","753.50","660.94","23.26B","2.56%"
"2002년 7월","717.99","722.58","807.36","688.68","30.55B","-3.33%"
"2002년 6월","742.72","793.53","832.26","699.15","13.00B","-6.74%"
"2002년 5월","796.40","855.41","878.68","794.92","15.25B","-5.45%"
"2002년 4월","842.34","900.47","943.54","829.16","14.74B","-5.94%"
"2002년 3월","895.58","842.21","914.93","815.54","13.13B","9.22%"
"2002년 2월","819.99","757.07","826.60","718.86","10.89B","9.61%"
"2002년 1월","748.07","698.00","787.65","690.36","15.76B","7.84%"
"2001년 12월","693.70","643.61","715.93","631.87","11.60B","7.74%"
"2001년 11월","643.89","540.63","680.91","536.20","16.02B","19.72%"
"2001년 10월","537.81","498.87","550.93","493.12","10.31B","12.12%"
"2001년 9월","479.68","545.02","559.17","463.54","12.16B","-12.00%"
"2001년 8월","545.11","546.30","585.36","542.00","9.65B","0.66%"
"2001년 7월","541.55","593.03","600.51","512.78","5.65B","-9.00%"
"2001년 6월","595.13","615.67","623.37","580.75","7.28B","-2.78%"
"2001년 5월","612.16","586.27","633.16","572.36","11.81B","6.03%"
"2001년 4월","577.36","520.56","581.63","491.21","7.08B","10.35%"
"2001년 3월","523.22","574.61","579.28","516.97","7.84B","-9.49%"
"2001년 2월","578.10","606.49","620.78","571.04","7.52B","-6.44%"
"2001년 1월","617.91","503.31","627.45","500.97","9.51B","22.45%"
"2000년 12월","504.62","490.88","560.16","489.53","5.20B","-0.91%"
"2000년 11월","509.23","524.69","581.47","499.52","7.35B","-1.02%"
"2000년 10월","514.48","595.68","616.22","483.58","6.67B","-16.10%"
"2000년 9월","613.22","690.93","698.28","551.00","5.46B","-10.95%"
"2000년 8월","688.62","710.05","754.46","665.63","6.03B","-2.46%"
"2000년 7월","705.97","824.83","863.53","678.35","8.76B","-14.03%"
"2000년 6월","821.22","730.55","858.34","722.24","8.78B","12.21%"
"2000년 5월","731.88","731.76","778.46","625.14","4.94B","0.89%"
"2000년 4월","725.39","866.75","880.41","688.36","4.11B","-15.74%"
"2000년 3월","860.94","864.78","928.55","820.30","6.54B","3.93%"
"2000년 2월","828.38","955.44","991.71","810.53","5.14B","-12.24%"
"2000년 1월","943.88","1,028.33","1,066.18","875.82","4.80B","-8.19%"
"1999년 12월","1,028.07","992.62","1,038.04","934.22","6.00B","3.15%"
"1999년 11월","996.66","863.50","1,024.09","855.48","8.53B","19.57%"
"1999년 10월","833.51","838.65","877.06","778.90","5.92B","-0.32%"
"1999년 9월","836.18","944.50","984.57","836.18","5.41B","-10.84%"
"1999년 8월","937.88","967.70","995.08","841.27","6.65B","-3.28%"
"1999년 7월","969.72","887.56","1,052.60","860.13","8.34B","9.82%"
"1999년 6월","883.00","735.54","909.33","728.34","5.27B","19.97%"
"1999년 5월","736.02","753.65","826.04","690.04","5.04B","-2.20%"
"1999년 4월","752.59","618.99","806.41","616.84","6.68B","21.59%"
"1999년 3월","618.98","521.97","622.91","521.97","4.12B","19.02%"
"1999년 2월","520.06","571.93","583.26","489.75","2.39B","-8.99%"
"1999년 1월","571.43","565.10","651.95","531.20","5.02B","1.59%"
"1998년 12월","562.46","451.85","599.32","438.42","5.49B","24.47%"
"1998년 11월","451.88","406.97","467.13","393.98","4.34B","12.01%"
"1998년 10월","403.44","309.52","404.62","302.71","2.56B","30.01%"
"1998년 9월","310.32","309.74","338.95","287.46","1.81B","0.05%"
"1998년 8월","310.16","341.85","341.85","288.06","1.85B","-9.66%"
"1998년 7월","343.33","298.01","374.08","298.01","2.29B","15.26%"
"1998년 6월","297.88","334.10","353.29","277.37","1.64B","-10.29%"
"1998년 5월","332.03","418.64","418.64","301.22","1.31B","-21.17%"
"1998년 4월","421.22","482.88","498.71","399.48","1.26B","-12.44%"
"1998년 3월","481.04","562.66","591.70","479.52","1.83B","-13.94%"
"1998년 2월","558.98","556.58","566.24","462.26","1.91B","-1.48%"
"1998년 1월","567.38","374.41","587.99","372.37","2.24B","50.77%"
"1997년 12월","376.31","405.52","443.51","338.94","1.82B","-7.74%"
"1997년 11월","407.86","472.35","565.16","391.13","1.35B","-13.37%"
"1997년 10월","470.79","646.86","655.04","462.83","920.61M","-27.25%"
"1997년 9월","647.11","691.80","705.20","622.03","651.94M","-6.94%"
"1997년 8월","695.37","726.84","766.70","688.27","788.05M","-4.23%"
"1997년 7월","726.12","744.98","783.24","721.40","937.92M","-2.59%"
"1997년 6월","745.40","758.92","799.54","737.98","1.23B","-1.50%"
"1997년 5월","756.77","704.77","756.78","667.66","1.13B","7.61%"
"1997년 4월","703.23","678.97","710.67","668.72","987.28M","3.82%"
"1997년 3월","677.34","677.18","685.95","607.87","831.36M","0.12%"
"1997년 2월","676.53","686.37","729.64","664.75","702.05M","-1.36%"
"1997년 1월","685.84","647.67","721.79","600.56","790.22M","5.32%"
"1996년 12월","651.22","724.75","735.15","643.57","558.64M","-10.36%"
"1996년 11월","726.48","757.79","774.51","710.49","589.27M","-4.11%"
"1996년 10월","757.59","790.47","849.12","751.43","987.41M","-4.06%"
"1996년 9월","789.67","781.77","806.17","754.69","522.20M","1.05%"
"1996년 8월","781.49","822.80","844.93","749.76","477.13M","-4.89%"
"1996년 7월","821.71","816.47","862.40","795.93","522.78M","0.52%"
"1996년 6월","817.43","907.24","917.42","810.81","494.25M","-9.49%"
"1996년 5월","903.09","980.60","992.07","886.71","957.86M","-7.93%"
"1996년 4월","980.90","876.57","991.24","867.90","1.08B","12.21%"
"1996년 3월","874.16","852.76","874.18","834.79","488.43M","2.50%"
"1996년 2월","852.83","879.19","894.62","847.77","566.28M","-2.96%"
"1996년 1월","878.82","882.29","894.49","837.01","531.78M","-0.47%"
"1995년 12월","882.94","930.69","965.33","864.59","398.14M","-5.15%"
"1995년 11월","930.92","990.47","998.88","913.72","502.79M","-5.99%"
"1995년 10월","990.26","982.43","1,022.49","974.05","649.85M","0.77%"
"1995년 9월","982.65","913.67","1,020.44","905.10","865.67M","7.50%"
"1995년 8월","914.06","933.34","945.00","895.85","808.68M","-2.09%"
"1995년 7월","933.57","894.94","986.67","894.94","1.15B","4.38%"
"1995년 6월","894.41","882.57","904.94","859.11","459.77M","1.35%"
"1995년 5월","882.50","896.16","929.83","839.81","480.20M","-1.62%"
"1995년 4월","897.00","934.09","934.97","871.65","421.67M","-3.73%"
"1995년 3월","931.78","885.40","969.45","884.99","612.79M","5.20%"
"1995년 2월","885.69","925.60","968.55","881.55","503.02M","-4.31%"
"1995년 1월","925.56","1,026.17","1,029.83","905.05","764.54M","-9.91%"
"1994년 12월","1,027.37","1,079.47","1,080.66","1,018.21","996.49M","-4.38%"
"1994년 11월","1,074.41","1,116.48","1,145.01","1,069.47","1.17B","-2.82%"
"1994년 10월","1,105.62","1,113.18","1,115.48","1,105.62","1.27B","5.25%"
"1994년 9월","1,050.51","1,050.51","1,050.51","1,050.51","936.16M","11.26%"
"1994년 8월","944.23","944.23","944.23","944.23","608.44M","1.75%"
"1994년 7월","927.97","927.97","927.97","927.97","865.70M","-0.58%"
"1994년 6월","933.36","933.36","933.36","933.36","896.45M","-0.65%"
"1994년 5월","939.49","939.49","939.49","939.49","885.18M","3.39%"
"1994년 4월","908.72","908.72","908.72","908.72","695.82M","4.79%"
"1994년 3월","867.22","867.22","867.22","867.22","767.39M","-5.62%"
"1994년 2월","918.88","918.88","918.88","918.88","717.28M","-2.84%"
"1994년 1월","945.71","945.71","945.71","945.71","1.10B","9.18%"
"1993년 12월","866.18","866.18","866.18","866.18","1.00B","6.80%"
"1993년 11월","811.06","811.06","811.06","811.06","1.26B","8.04%"
"1993년 10월","750.72","750.72","750.72","750.72","739.73M","4.43%"
"1993년 9월","718.87","718.87","718.87","718.87","484.50M","8.12%"
"1993년 8월","664.88","664.88","664.88","664.88","495.77M","-8.91%"
"1993년 7월","729.94","729.94","729.94","729.94","610.83M","-2.53%"
"1993년 6월","748.87","748.87","748.87","748.87","1.30B","-0.46%"
"1993년 5월","752.31","752.31","752.31","752.31","899.78M","4.26%"
"1993년 4월","721.57","721.57","721.57","721.57","1.21B","8.22%"
"1993년 3월","666.75","666.75","666.75","666.75","679.79M","3.70%"
"1993년 2월","642.96","642.96","642.96","642.96","681.91M","-4.12%"
"1993년 1월","670.56","670.56","670.56","670.56","1.04B","-1.16%"
"1992년 12월","678.44","678.44","678.44","678.44","811.37M","2.27%"
"1992년 11월","663.36","663.36","663.36","663.36","1.14B","7.76%"
"1992년 10월","615.58","615.58","615.58","615.58","710.99M","19.80%"
"1992년 9월","513.82","513.82","513.82","513.82","515.38M","-8.70%"
"1992년 8월","562.80","562.80","562.80","562.80","392.90M","10.36%"
"1992년 7월","509.95","509.95","509.95","509.95","275.02M","-7.62%"
"1992년 6월","552.03","552.03","552.03","552.03","418.19M","-3.86%"
"1992년 5월","574.20","574.20","574.20","574.20","544.54M","-6.78%"
"1992년 4월","615.97","615.97","615.97","615.97","646.09M","1.59%"
"1992년 3월","606.32","606.32","606.32","606.32","487.08M","-1.01%"
"1992년 2월","612.50","612.50","612.50","612.50","483.32M","-9.99%"
"1992년 1월","680.51","680.51","680.51","680.51","636.05M","11.39%"
"1991년 12월","610.92","610.92","610.92","610.92","307.50M","-6.32%"
"1991년 11월","652.11","652.11","652.11","652.11","308.28M","-6.30%"
"1991년 10월","695.94","695.94","695.94","695.94","496.97M","-1.30%"
"1991년 9월","705.08","705.08","705.08","705.08","274.26M","3.22%"
"1991년 8월","683.11","683.11","683.11","683.11","721.18M","-4.73%"
"1991년 7월","717.03","717.03","717.03","717.03","628.45M","18.46%"
"1991년 6월","605.27","605.27","605.27","605.27","140.52M","-0.99%"
"1991년 5월","611.35","611.35","611.35","611.35","167.45M","-5.31%"
"1991년 4월","645.61","645.61","645.61","645.61","179.11M","-2.16%"
"1991년 3월","659.85","659.85","659.85","659.85","300.52M","-2.33%"
"1991년 2월","675.57","675.57","675.57","675.57","292.34M","6.32%"
"1991년 1월","635.40","635.40","635.40","635.40","277.77M","-8.72%"
"1990년 12월","696.11","696.11","696.11","696.11","336.43M","-0.13%"
"1990년 11월","697.03","697.03","697.03","697.03","363.81M","1.00%"
"1990년 10월","690.16","690.16","690.16","690.16","383.26M","14.48%"
"1990년 9월","602.88","602.88","602.88","602.88","196.84M","-0.66%"
"1990년 8월","606.87","606.87","606.87","606.87","237.37M","-10.54%"
"1990년 7월","678.38","678.38","678.38","678.38","147.24M","-4.02%"
"1990년 6월","706.79","706.79","706.79","706.79","200.66M","-11.42%"
"1990년 5월","797.95","797.95","797.95","797.95","251.58M","15.87%"
"1990년 4월","688.66","688.66","688.66","688.66","216.81M","-18.10%"
"1990년 3월","840.89","840.89","840.89","840.89","272.48M","-2.40%"
"1990년 2월","861.59","861.59","861.59","861.59","238.84M","-3.86%"
"1990년 1월","896.16","896.16","896.16","896.16","316.71M","-1.49%"
"1989년 12월","909.72","909.72","909.72","909.72","352.57M","0.37%"
"1989년 11월","906.33","906.33","906.33","906.33","227.40M","1.38%"
"1989년 10월","894.02","894.02","894.02","894.02","155.51M","-5.13%"
"1989년 9월","942.41","942.41","942.41","942.41","283.60M","-3.37%"
"1989년 8월","975.28","975.28","975.28","975.28","399.11M","8.89%"
"1989년 7월","895.66","895.66","895.66","895.66","236.72M","4.80%"
"1989년 6월","854.61","854.61","854.61","854.61","202.20M","-8.38%"
"1989년 5월","932.76","932.76","932.76","932.76","181.40M","-0.83%"
"1989년 4월","940.54","940.54","940.54","940.54","329.96M","-6.26%"
"1989년 3월","1,003.31","1,003.31","1,003.31","1,003.31","481.96M","9.30%"
"1989년 2월","917.90","917.90","917.90","917.90","282.38M","3.80%"
"1989년 1월","884.29","884.29","884.29","884.29","264.65M","-2.53%"
"1988년 12월","907.20","907.20","907.20","907.20","404.52M","9.15%"
"1988년 11월","831.12","831.12","831.12","831.12","383.40M","13.88%"
"1988년 10월","729.79","729.79","729.79","729.79","250.40M","7.71%"
"1988년 9월","677.54","677.54","677.54","677.54","145.91M","1.97%"
"1988년 8월","664.43","664.43","664.43","664.43","237.15M","-7.86%"
"1988년 7월","721.08","721.08","721.08","721.08","213.56M","2.60%"
"1988년 6월","702.83","702.83","702.83","702.83","244.01M","-2.02%"
"1988년 5월","717.35","717.35","717.35","717.35","266.47M","10.84%"
"1988년 4월","647.18","647.18","647.18","647.18","154.34M","-1.42%"
"1988년 3월","656.47","656.47","656.47","656.47","166.64M","7.21%"
"1988년 2월","612.35","612.35","612.35","612.35","240.86M","-3.35%"
"1988년 1월","633.58","633.58","633.58","633.58","330.05M","20.66%"
"1987년 12월","525.11","525.11","525.11","525.11","173.64M","10.41%"
"1987년 11월","475.59","475.59","475.59","475.59","111.94M","-6.57%"
"1987년 10월","509.05","509.05","509.05","509.05","100.95M","4.88%"
"1987년 9월","485.35","485.35","485.35","485.35","125.24M","2.39%"
"1987년 8월","474.01","474.01","474.01","474.01","175.50M","-2.36%"
"1987년 7월","485.48","485.48","485.48","485.48","206.14M","17.90%"
"1987년 6월","411.76","411.76","411.76","411.76","119.48M","6.13%"
"1987년 5월","387.99","387.99","387.99","387.99","133.55M","8.19%"
"1987년 4월","358.63","358.63","358.63","358.63","116.84M","-11.48%"
"1987년 3월","405.13","405.13","405.13","405.13","202.07M","20.94%"
"1987년 2월","334.98","334.98","334.98","334.98","117.05M","7.98%"
"1987년 1월","310.22","310.22","310.22","310.22","78.88M","13.80%"
"1986년 12월","272.61","272.61","272.61","272.61","74.44M","1.35%"
"1986년 11월","268.98","268.98","268.98","268.98","68.62M","11.71%"
"1986년 10월","240.79","240.79","240.79","240.79","37.52M","-5.00%"
"1986년 9월","253.45","253.45","253.45","253.45","46.98M","-4.23%"
"1986년 8월","264.64","264.64","264.64","264.64","66.42M","-3.33%"
"1986년 7월","273.75","273.75","273.75","273.75","110.12M","12.49%"
"1986년 6월","243.36","243.36","243.36","243.36","110.78M","5.32%"
"1986년 5월","231.06","231.06","231.06","231.06","87.10M","13.87%"
"1986년 4월","202.91","202.91","202.91","202.91","138.60M","1.58%"
"1986년 3월","199.76","199.76","199.76","199.76","134.23M","13.56%"
"1986년 2월","175.91","175.91","175.91","175.91","100.69M","9.66%"
"1986년 1월","160.42","160.42","160.42","160.42","60.78M","-1.81%"
"1985년 12월","163.37","163.37","163.37","163.37","89.77M","8.80%"
"1985년 11월","150.16","150.16","150.16","150.16","70.30M","6.58%"
"1985년 10월","140.89","140.89","140.89","140.89","66.31M","1.43%"
"1985년 9월","138.91","138.91","138.91","138.91","41.43M","1.77%"
"1985년 8월","136.49","136.49","136.49","136.49","51.29M","-0.65%"
"1985년 7월","137.38","137.38","137.38","137.38","33.40M","0.59%"
"1985년 6월","136.58","136.58","136.58","136.58","43.30M","1.86%"
"1985년 5월","134.09","134.09","134.09","134.09","26.78M","-0.04%"
"1985년 4월","134.15","134.15","134.15","134.15","44.28M","-1.69%"
"1985년 3월","136.46","136.46","136.46","136.46","38.93M","1.13%"
"1985년 2월","134.93","134.93","134.93","134.93","27.64M","-2.86%"
"1985년 1월","138.90","138.90","138.90","138.90","47.05M","-2.50%"
"1984년 12월","142.46","142.46","142.46","142.46","48.79M","5.11%"
"1984년 11월","135.54","135.54","135.54","135.54","33.77M","4.41%"
"1984년 10월","129.82","129.82","129.82","129.82","21.18M","-3.22%"
"1984년 9월","134.14","134.14","134.14","134.14","25.12M","-1.45%"
"1984년 8월","136.11","136.11","136.11","136.11","37.05M","1.17%"
"1984년 7월","134.54","134.54","134.54","134.54","48.16M","3.27%"
"1984년 6월","130.28","130.28","130.28","130.28","29.32M","-0.15%"
"1984년 5월","130.48","130.48","130.48","130.48","31.19M","-3.78%"
"1984년 4월","135.60","135.60","135.60","135.60","42.90M","1.69%"
"1984년 3월","133.35","133.35","133.35","133.35","34.83M","2.85%"
"1984년 2월","129.66","129.66","129.66","129.66","65.69M","4.50%"
"1984년 1월","124.08","124.08","124.08","124.08","32.47M","2.37%"
"1983년 12월","121.21","121.21","121.21","121.21","23.70M","3.04%"
"1983년 11월","117.63","117.63","117.63","117.63","23.76M","-3.12%"
"1983년 10월","121.42","121.42","121.42","121.42","21.50M","3.15%"
"1983년 9월","117.71","117.71","117.71","117.71","21.42M","-0.93%"
"1983년 8월","118.82","118.82","118.82","118.82","14.56M","-4.97%"
"1983년 7월","125.04","125.04","125.04","125.04","14.98M","2.12%"
"1983년 6월","122.44","122.44","122.44","122.44","17.58M","-2.64%"
"1983년 5월","125.76","125.76","125.76","125.76","31.20M","-4.32%"
"1983년 4월","131.44","131.44","131.44","131.44","45.33M","9.72%"
"1983년 3월","119.80","119.80","119.80","119.80","23.40M","-3.00%"
"1983년 2월","123.50","123.50","123.50","123.50","25.50M","4.42%"
"1983년 1월","118.27","118.27","118.27","118.27","27.80M","-8.31%"
"1982년 12월","128.99","128.99","128.99","128.99","33.80M","4.31%"
"1982년 11월","123.66","123.66","123.66","123.66","25.99M","1.44%"
"1982년 10월","121.91","121.91","121.91","121.91","24.90M","1.84%"
"1982년 9월","119.71","119.71","119.71","119.71","25.18M","-1.83%"
"1982년 8월","121.94","121.94","121.94","121.94","26.04M","-2.51%"
"1982년 7월","125.08","125.08","125.08","125.08","29.70M","1.16%"
"1982년 6월","123.64","123.64","123.64","123.64","25.04M","7.92%"
"1982년 5월","114.57","114.57","114.57","114.57","26.13M","-5.63%"
"1982년 4월","121.40","121.40","121.40","121.40","12.92M","-5.03%"
"1982년 3월","127.83","127.83","127.83","127.83","28.83M","-0.74%"
"1982년 2월","128.78","128.78","128.78","128.78","30.10M","2.49%"
"1982년 1월","125.65","125.65","125.65","125.65","22.79M","-4.30%"
"1981년 12월","131.30","131.30","131.30","131.30","18.07M","-0.83%"
"1981년 11월","132.40","132.40","132.40","132.40","20.69M","7.64%"
"1981년 10월","123.00","123.00","123.00","123.00","13.60M","-7.03%"
"1981년 9월","132.30","132.30","132.30","132.30","19.31M","-5.57%"
"1981년 8월","140.10","140.10","140.10","140.10","20.63M","-5.40%"
"1981년 7월","148.10","148.10","148.10","148.10","41.03M","-1.79%"
"1981년 6월","150.80","150.80","150.80","150.80","57.85M","19.40%"
"1981년 5월","126.30","126.30","126.30","126.30","34.75M","3.19%"